{"StabilizerTestScript.nk": [0.5066208839416504, 0.4790060520172119, 0.4851870536804199], "CameraShakeTestScript.nk": [3.3683111667633057, 3.4587998390197754, 3.3618860244750977]}