{"StabilizerTestScript.nk": [1.696916103363037, 0.5288138389587402, 0.5514359474182129], "CameraShakeTestScript.nk": [3.5361151695251465, 3.2883989810943604, 3.337625026702881]}