{"StabilizerTestScript.nk": [1.4912991523742676, 0.49265503883361816, 0.4706578254699707], "CameraShakeTestScript.nk": [3.3504700660705566, 3.1458799839019775, 3.2071480751037598]}