{"StabilizerTestScript.nk": [2.731334924697876, 1.016158103942871, 0.9483871459960938], "CameraShakeTestScript.nk": [6.425024032592773, 6.0791120529174805, 6.000109910964966]}