{"StabilizerTestScript.nk": [0.5385148525238037, 0.49330806732177734, 0.48278212547302246], "CameraShakeTestScript.nk": [3.5232441425323486, 3.3372509479522705, 3.3490140438079834]}