{"StabilizerTestScript.nk": [1.8294401168823242, 0.5413849353790283, 0.531303882598877], "CameraShakeTestScript.nk": [3.6273438930511475, 3.522170066833496, 3.6082990169525146]}