{"StabilizerTestScript.nk": [2.2706520557403564, 1.1351299285888672, 1.0678989887237549], "CameraShakeTestScript.nk": [6.712609052658081, 6.675294876098633, 6.7652199268341064]}