{"CameraShakeRenderTest.nk": [8.2605299949646, 6.260186195373535, 6.527523994445801], "StabilizerRenderTest.nk": [9.692871809005737, 9.648972988128662, 10.22849988937378], "profiler.nk": [8.524225950241089, 9.535876035690308, 9.73440408706665]}